relationship_id,source_company,source_segment,target_company,target_segment,relationship_type,relationship_direction,relationship_claim,evidence_ids,source_urls,confidence,limitations,record_id,data_as_of,first_seen_at,last_verified_at,event_date,event_start_at,event_end_at,time_precision,temporal_basis,source_publish_dates,source_retrieved_dates,current_validity,claim_nature,primary_evidence_id,evidence_grade_summary,verification_method,needs_refresh_after,risk_note
R4-001,Arm,上游/设计支撑/EDA/IP/半导体IP/芯片定制,Apple,中游/设计与产品/芯片设计/Fabless/手机SoC/通信基带,IP授权,Arm -> Apple,Arm 向 Apple 提供处理器架构/IP授权，支撑 Apple 自研 SoC 生态。,E4-001;E4-002;E4-003;E4-174,https://www.tomshardware.com/news/apple-inks-new-long-term-arm-license-agreement-till-2040 | https://www.macrumors.com/2023/09/06/apple-inks-new-deal-arm-chip-designer | https://siliconangle.com/2024/10/23/arm-moves-cancel-qualcomms-instruction-set-architecture-license | https://www.sec.gov/Archives/edgar/data/1973239/000119312523212406/d451946df1.htm,high,仅保留搜索结果中直接点名双方公司的供应链硬关系；未命中公开直接证据的候选关系不入表。,stage4::R4-001,2026-07-08,2026-07-08,2026-07-06,,,,unknown,检索快照,2023-08-21,2026-07-05;2026-07-06,当前支持,事实判断,E4-001,A:1;B-:3,公开资料检索,2026-10-08,
R4-002,Arm,上游/设计支撑/EDA/IP/半导体IP/芯片定制,Qualcomm,中游/设计与产品/芯片设计/Fabless/手机SoC/通信基带,IP授权,Arm -> Qualcomm,Arm 向 Qualcomm 提供处理器架构/IP授权，支撑移动 SoC 产品。,E4-004;E4-005;E4-006;E4-007;E4-008;E4-009,https://www.rcrwireless.com/20251001/business/qualcomm-arm-2 | https://www.bloomberg.com/news/articles/2024-10-23/arm-to-cancel-qualcomm-chip-design-license-in-escalation-of-feud | https://siliconangle.com/2024/10/23/arm-moves-cancel-qualcomms-instruction-set-architecture-license | https://investor.qualcomm.com/news-events/press-releases/news-details/2025/Qualcomm-Achieves-Complete-Victory-Over-Arm-in-Litigation-Challenging-Licensing-Agreements/default.aspx | https://images.law.com/contrib/content/uploads/documents/394/11978/Arm-v-Qualcomm.Arm-complaint-1.pdf | https://newsletter.semianalysis.com/p/arm-changes-business-model-oem-partners,high,仅保留搜索结果中直接点名双方公司的供应链硬关系；未命中公开直接证据的候选关系不入表。,stage4::R4-002,2026-07-08,2026-07-08,2026-07-05,,,,unknown,检索快照,,2026-07-05,当前支持,事实判断,E4-004,A:1;A-:1;B-:4,公开资料检索,2026-10-08,
R4-003,Arm,上游/设计支撑/EDA/IP/半导体IP/芯片定制,MediaTek,中游/设计与产品/芯片设计/Fabless/手机SoC/通信基带,IP授权,Arm -> MediaTek,Arm 向 MediaTek 提供处理器架构/IP授权，支撑移动 SoC 产品。,E4-010;E4-011;E4-012;E4-013,https://www.design-reuse.com/news/202521575-mediatek-and-arm-extend-relationship-with-access-agreement-for-a-broad-range-of-the-latest-arm-ip | https://www.mediatek.com/press-room/mediatek-extends-partnership-with-arm-to-drive-next-generation-mobile-and-consumer-technology | https://iies.in/blog/the-role-of-arm-processors-in-mediateks-success | https://www.reuters.com/business/qualcomm-shifts-chips-newer-arm-tech-competition-with-apple-mediatek-heats-up-2025-10-01,high,仅保留搜索结果中直接点名双方公司的供应链硬关系；未命中公开直接证据的候选关系不入表。,stage4::R4-003,2026-07-08,2026-07-08,2026-07-05,,,,unknown,检索快照,,2026-07-05,当前支持,事实判断,E4-010,A:1;A-:1;B-:2,公开资料检索,2026-10-08,
R4-004,Synopsys,上游/设计支撑/EDA/IP/EDA软件,NVIDIA,中游/设计与产品/芯片设计/Fabless/AI/GPU/CPU算力芯片,EDA/IP供应,Synopsys -> NVIDIA,Synopsys 的 EDA/IP 工具链服务于 NVIDIA 等高性能芯片设计场景，属于设计工具链支撑关系。,E4-014;E4-015;E4-016;E4-017;E4-018;E4-019;E4-020,https://anysilicon.com/news/nvidia-invests-2-billion-in-synopsys-to-accelerate-next-generation-chip-design-and-ai-driven-engineering | https://semiwiki.com/eda/synopsys/363148-synopsys-and-nvidia-forge-ai-powered-future-for-chip-design-and-multiphysics-simulation | https://www.tomshardware.com/tech-industry/semiconductors/nvidias-2bn-synopsys-stake-strengthens-its-push-into-ai-accelerated-chip-design | https://www.synopsys.com/ai/ai-powered-eda.html | https://techarena.ai/content/synopsys-accelerates-ai-innovation-with-microsoft-nvidia | https://semiwiki.com/forum/threads/synopsys-accelerates-chip-design-with-nvidia-grace-blackwell-and-ai-to-speed-electronic-design-automation.22357,medium,仅保留搜索结果中直接点名双方公司的供应链硬关系；未命中公开直接证据的候选关系不入表。 证据强度审计显示该判断主要依赖搜索结果或 B/B- 来源；已降为 medium，待补官网、公告、年报、招股书或权威市场份额报告后再恢复 high。,stage4::R4-004,2026-07-08,2026-07-08,2026-07-05,,,,unknown,检索快照,,2026-07-05,当前支持,事实判断,E4-014,A:2;B-:5,公开资料检索,2026-10-08,
R4-005,Cadence,上游/设计支撑/EDA/IP/EDA软件,NVIDIA,中游/设计与产品/芯片设计/Fabless/AI/GPU/CPU算力芯片,EDA/IP供应,Cadence -> NVIDIA,Cadence 的 EDA/系统设计工具链服务于 NVIDIA 等高性能芯片设计场景，属于设计工具链支撑关系。,E4-021;E4-022;E4-023;E4-024;E4-025,https://www.cadence.com/en_US/home/company/newsroom/press-releases/pr/2026/cadence-and-nvidia-expand-partnership-to-reinvent-engineering.html | https://www.cadence.com/en_US/home/company/newsroom/press-releases/pr/2026/cadence-and-nvidia-unveil-accelerated-engineering-solutions.html | https://www.forbes.com/sites/karlfreund/2026/06/01/cadence-and-nvidia-team-to-develop-first--fully-autonomous-eda-agent | https://blogs.nvidia.com/blog/semiconductor-industry-electronic-design-automation-blackwell-cuda-x | https://www.cadence.com/en_US/home.html,high,仅保留搜索结果中直接点名双方公司的供应链硬关系；未命中公开直接证据的候选关系不入表。,stage4::R4-005,2026-07-08,2026-07-08,2026-07-05,,,,unknown,检索快照,,2026-07-05,当前支持,事实判断,E4-021,A:4;B-:1,公开资料检索,2026-10-08,
R4-006,TSMC,中游/制造/晶圆制造/Foundry-IDM/晶圆代工/Foundry,NVIDIA,中游/设计与产品/芯片设计/Fabless/AI/GPU/CPU算力芯片,晶圆代工,TSMC -> NVIDIA,TSMC 为 NVIDIA 高端 GPU/AI 芯片提供晶圆制造或先进制程代工能力。,E4-026;E4-027;E4-028;E4-029;E4-030;E4-031,https://pr.tsmc.com/english/news/1227 | https://nvidianews.nvidia.com/news/nvidia-and-tsmc-bring-ai-into-fabs-to-advance-semiconductor-design-and-manufacturing | https://blogs.nvidia.com/blog/tsmc-blackwell-manufacturing | https://finance.yahoo.com/sectors/technology/articles/tsmc-expands-nvidia-ai-technologies-094131097.html | https://nvidianews.nvidia.com/news/nvidia-asml-tsmc-and-synopsys-set-foundation-for-next-generation-chip-manufacturing | https://nvidianews.nvidia.com/_gallery/download_pdf/67d9bf5b3d6332b0a6d11f0e,medium,仅保留搜索结果中直接点名双方公司的供应链硬关系；未命中公开直接证据的候选关系不入表。 证据强度审计显示该判断主要依赖搜索结果或 B/B- 来源；已降为 medium，待补官网、公告、年报、招股书或权威市场份额报告后再恢复 high。,stage4::R4-006,2026-07-08,2026-07-08,2026-07-05,,,,unknown,检索快照,,2026-07-05,当前支持,事实判断,E4-026,A:5;B-:1,公开资料检索,2026-10-08,
R4-007,TSMC,中游/制造/晶圆制造/Foundry-IDM/晶圆代工/Foundry,AMD,中游/设计与产品/芯片设计/Fabless/AI/GPU/CPU算力芯片,晶圆代工,TSMC -> AMD,TSMC 为 AMD CPU/GPU/AI 芯片提供晶圆制造或先进制程代工能力。,E4-032;E4-033;E4-034,https://www.club386.com/amd-eyes-up-tsmc-over-samsung-foundry-for-4nm-epyc-cpus | https://meet-global.bnext.com.tw/articles/view/47591 | https://ir.amd.com/financial-information/sec-filings/content/0000950131-95-000530/EX-10_37.txt,high,仅保留搜索结果中直接点名双方公司的供应链硬关系；未命中公开直接证据的候选关系不入表。,stage4::R4-007,2026-07-08,2026-07-08,2026-07-05,,,,unknown,检索快照,,2026-07-05,当前支持,事实判断,E4-032,A:1;B:1;B-:1,公开资料检索,2026-10-08,
R4-008,TSMC,中游/制造/晶圆制造/Foundry-IDM/晶圆代工/Foundry,Apple,中游/设计与产品/芯片设计/Fabless/手机SoC/通信基带,晶圆代工,TSMC -> Apple,TSMC 为 Apple 自研 SoC 提供晶圆制造或先进制程代工能力。,E4-035;E4-036;E4-037;E4-038,https://newsletter.semianalysis.com/p/apple-tsmc-the-partnership-that-built | https://www.aztechcouncil.org/apple-chips-tsmc-fab | https://www.apple.com/newsroom/2023/11/apple-announces-expanded-partnership-with-amkor-for-silicon-packaging | https://www.apple.com/newsroom/2025/08/apple-increases-us-commitment-to-600-billion-usd-announces-ambitious-program,high,仅保留搜索结果中直接点名双方公司的供应链硬关系；未命中公开直接证据的候选关系不入表。,stage4::R4-008,2026-07-08,2026-07-08,2026-07-05,,,,unknown,检索快照,,2026-07-05,当前支持,事实判断,E4-035,A:2;B-:2,公开资料检索,2026-10-08,
R4-009,TSMC,中游/制造/晶圆制造/Foundry-IDM/晶圆代工/Foundry,Qualcomm,中游/设计与产品/芯片设计/Fabless/手机SoC/通信基带,晶圆代工,TSMC -> Qualcomm,TSMC 为 Qualcomm 移动 SoC 提供晶圆制造或先进制程代工能力。,E4-039;E4-040;E4-041;E4-042;E4-043;E4-044;E4-045,https://pr.tsmc.com/english/news/1597 | https://www.qualcomm.com/news/releases/2007/11/qualcomm-makes-first-call-chips-using-tsmcs-45-nm-technology | https://www.phonearena.com/news/rumor-has-tsmc-losing-2nm-business-to-samsung-foundry_id166292 | https://www.cnbc.com/2025/03/04/qualcomm-ceo-welcomes-tsmc-100-billion-investment-in-us-chipmaking.html | https://www.design-reuse.com/news/5415-tsmc-to-start-making-qualcomm-snapdragon-chips-in-4q18-says-report | https://www.sdxcentral.com/news/apple-qualcomm-to-launch-2nm-chips-in-2026-with-tsmc,medium,仅保留搜索结果中直接点名双方公司的供应链硬关系；未命中公开直接证据的候选关系不入表。 证据强度审计显示该判断主要依赖搜索结果或 B/B- 来源；已降为 medium，待补官网、公告、年报、招股书或权威市场份额报告后再恢复 high。,stage4::R4-009,2026-07-08,2026-07-08,2026-07-05,,,,unknown,检索快照,,2026-07-05,当前支持,事实判断,E4-039,A:3;A-:1;B-:3,公开资料检索,2026-10-08,
R4-010,TSMC,中游/制造/晶圆制造/Foundry-IDM/晶圆代工/Foundry,MediaTek,中游/设计与产品/芯片设计/Fabless/手机SoC/通信基带,晶圆代工,TSMC -> MediaTek,TSMC 为 MediaTek 移动 SoC 提供晶圆制造或先进制程代工能力。,E4-046;E4-047;E4-048;E4-049,https://www.trendforce.com/news/2026/05/29/news-mediatek-ceo-reaffirms-tsmc-as-key-long-term-partner-amid-samsungs-reported-push-for-foundry-orders | https://finance.yahoo.com/news/mediatek-taps-taiwan-semiconductor-manufacturing-180201511.html | https://www.mediatek.com/press-room/mediatek-develops-chip-utilizing-tsmcs-2nm-process-achieving-milestones-in-performance-andpower-efficiency | https://www.design-reuse.com/news/12620-intel-to-manufacture-mediatek-edge-chips-instead-of-tsmc,high,仅保留搜索结果中直接点名双方公司的供应链硬关系；未命中公开直接证据的候选关系不入表。,stage4::R4-010,2026-07-08,2026-07-08,2026-07-05,,,,unknown,检索快照,,2026-07-05,当前支持,事实判断,E4-046,A:1;A-:1;B-:2,公开资料检索,2026-10-08,
R4-011,Samsung,中游/制造/晶圆制造/Foundry-IDM/晶圆代工/Foundry,Qualcomm,中游/设计与产品/芯片设计/Fabless/手机SoC/通信基带,晶圆代工,Samsung -> Qualcomm,Samsung Foundry 为 Qualcomm 部分 Snapdragon 产品提供晶圆代工能力。,E4-050;E4-051;E4-052;E4-053;E4-054;E4-055;E4-056,https://semiconductor.samsung.com/news-events/news/samsung-electronics-and-qualcomm-expand-foundry-cooperation-on-euv-process-technology | https://www.prnewswire.com/news-releases/samsung-electronics-and-qualcomm-expand-foundry-cooperation-on-euv-process-technology-300602396.html | https://investor.qualcomm.com/news-events/press-releases/news-details/2018/Samsung-Electronics-and-Qualcomm-Expand-Foundry-Cooperation-on-EUV-Process-Technology-02-21-2018/default.aspx | https://www.gsmarena.com/qualcomm_could_return_to_samsung_for_its_2nm_chip_production-news-71053.php | https://www.sammyfans.com/2026/01/27/samsung-sees-qualcomm-snapdragon-opportunity | https://www.gizchina.com/qualcomm/rumor-busting-samsung-will-not-manufacture-the-snapdragon-8-elite-gen-6,high,仅保留搜索结果中直接点名双方公司的供应链硬关系；未命中公开直接证据的候选关系不入表。,stage4::R4-011,2026-07-08,2026-07-08,2026-07-05,,,,unknown,检索快照,,2026-07-05,当前支持,事实判断,E4-050,A:3;A-:1;B-:3,公开资料检索,2026-10-08,
R4-012,GlobalFoundries,中游/制造/晶圆制造/Foundry-IDM/晶圆代工/Foundry,AMD,中游/设计与产品/芯片设计/Fabless/AI/GPU/CPU算力芯片,晶圆代工,GlobalFoundries -> AMD,GlobalFoundries 与 AMD 存在晶圆供应/制造协议关系。,E4-057;E4-058;E4-059;E4-060;E4-061;E4-062;E4-063;E4-064,https://www.techpowerup.com/290184/amd-and-globalfoundries-renew-wafer-supply-agreement | https://www.prnewswire.com/news-releases/globalfoundries-announces-extension-of-amd-wafer-supply-agreement-to-guarantee-supply-301450593.html | https://investors.gf.com/news-releases/news-release-details/globalfoundries-announces-extension-amd-wafer-supply-agreement | https://ir.amd.com/news-events/press-releases/detail/98/amd-amends-wafer-supply-agreement-with-globalfoundries | https://www.hpcwire.com/2021/05/13/amd-and-globalfoundries-commit-to-1-6-billion-wafer-agreement | https://ir.amd.com/financial-information/sec-filings/content/0000002488-22-000016/ex10_63amd-wsa1stamendemen.htm,high,仅保留搜索结果中直接点名双方公司的供应链硬关系；未命中公开直接证据的候选关系不入表。,stage4::R4-012,2026-07-08,2026-07-08,2026-07-05,,,,unknown,检索快照,,2026-07-05,当前支持,事实判断,E4-057,A:3;A-:1;B-:4,公开资料检索,2026-10-08,
R4-014,ASML,上游/制造支撑/半导体设备/光刻设备,TSMC,中游/制造/晶圆制造/Foundry-IDM/晶圆代工/Foundry,设备供应,ASML -> TSMC,ASML 向 TSMC 等先进制程晶圆厂供应光刻设备。,E4-065;E4-066,https://papers.ssrn.com/sol3/Delivery.cfm/6453478.pdf?abstractid=6453478&mirid=1 | https://www.asml.com/news/press-releases/2010/tsmc-to-take-delivery-of-an-asml-euv-lithography-system,high,仅保留搜索结果中直接点名双方公司的供应链硬关系；未命中公开直接证据的候选关系不入表。,stage4::R4-014,2026-07-08,2026-07-08,2026-07-05,,,,unknown,检索快照,,2026-07-05,当前支持,事实判断,E4-065,A:1;B-:1,公开资料检索,2026-10-08,
R4-015,ASML,上游/制造支撑/半导体设备/光刻设备,Samsung,中游/制造/晶圆制造/Foundry-IDM/晶圆代工/Foundry,设备供应,ASML -> Samsung,ASML 向 Samsung Foundry/半导体制造业务供应光刻设备。,E4-067;E4-068;E4-069,https://www.eetimes.com/blog-samsung-goes-euv-with-asml | https://lifeboat.com/blog/2025/10/samsung-to-receive-two-asml-high-na-euv-lithography-machines-for-2nm-and-dram-production | https://www.reuters.com/technology/samsungs-lee-discusses-smooth-supply-essential-chip-equipment-with-asmls-wennink-2022-06-15,medium,仅保留搜索结果中直接点名双方公司的供应链硬关系；未命中公开直接证据的候选关系不入表。 证据强度审计显示该判断主要依赖搜索结果或 B/B- 来源；已降为 medium，待补官网、公告、年报、招股书或权威市场份额报告后再恢复 high。,stage4::R4-015,2026-07-08,2026-07-08,2026-07-05,,,,unknown,检索快照,,2026-07-05,当前支持,事实判断,E4-067,A-:2;B-:1,公开资料检索,2026-10-08,
R4-016,ASML,上游/制造支撑/半导体设备/光刻设备,Intel,中游/制造/晶圆制造/Foundry-IDM/IDM/特色工艺制造,设备供应,ASML -> Intel,ASML 向 Intel 先进制造业务供应光刻设备。,E4-070;E4-071;E4-072;E4-073;E4-074;E4-075;E4-076,https://newsroom.intel.com/press-kit/intel-high-na-euv | https://semiwiki.com/forum/threads/intel-is-industry%E2%80%99s-first-mover-on-high-na-euv-lithography-system.20059 | https://newsroom.intel.com/intel-foundry/intel-foundry-opens-new-frontier-chipmaking | https://www.trendforce.com/news/2025/10/02/news-intel-rumored-to-purchase-more-asml-high-na-euv-equipment | https://semiwiki.com/forum/threads/tsmcs-refusal-of-asmls-expensive-high-na-euv-equipment-explained.25001 | https://www.tomshardware.com/tech-industry/semiconductors/intel-installs-industrys-first-commercial-high-na-euv-lithography-tool-asml-twinscan-exe-5200b-sets-the-stage-for-14a,high,仅保留搜索结果中直接点名双方公司的供应链硬关系；未命中公开直接证据的候选关系不入表。,stage4::R4-016,2026-07-08,2026-07-08,2026-07-05,,,,unknown,检索快照,,2026-07-05,当前支持,事实判断,E4-070,A:2;A-:1;B-:4,公开资料检索,2026-10-08,
R4-017,Applied Materials,上游/制造支撑/半导体设备/薄膜沉积设备,TSMC,中游/制造/晶圆制造/Foundry-IDM/晶圆代工/Foundry,设备供应,Applied Materials -> TSMC,Applied Materials 的材料工程/沉积等设备进入 TSMC 等晶圆制造生态。,E4-077;E4-078;E4-079;E4-080;E4-081;E4-082,https://www.semiconductor-today.com/news_items/2026/may/appliedmaterials-tsmc-120526.shtml | https://pr.tsmc.com/english/news/2249 | https://ir.appliedmaterials.com/news-releases/news-release-details/applied-materials-and-tsmc-partner-epic-center-accelerate-ai | https://finance.yahoo.com/sectors/technology/articles/applied-materials-amat-tsmc-expand-134204521.html | https://www.eenewseurope.com/en/tsmc-and-applied-materials-team-up-on-ai-chip-manufacturing-rd | https://pr.tsmc.com/english/news/1648,high,仅保留搜索结果中直接点名双方公司的供应链硬关系；未命中公开直接证据的候选关系不入表。,stage4::R4-017,2026-07-08,2026-07-08,2026-07-05,,,,unknown,检索快照,,2026-07-05,当前支持,事实判断,E4-077,A:3;B-:3,公开资料检索,2026-10-08,
R4-018,Lam Research,上游/制造支撑/半导体设备/刻蚀设备,Samsung,中游/制造/晶圆制造/Foundry-IDM/晶圆代工/Foundry,设备供应,Lam Research -> Samsung,Lam Research 的刻蚀/沉积相关设备进入 Samsung 半导体制造生态。,E4-083;E4-084;E4-085,https://newsroom.lamresearch.com/1999-02-24-Lam-Receives-A-Significant-Order-For-Multiple-Systems-From-Samsung | https://investor.lamresearch.com/2017-05-15-Lam-Research-Corporation-Appoints-Dr-Y-B-Koh-to-Board-of-Directors,high,仅保留搜索结果中直接点名双方公司的供应链硬关系；未命中公开直接证据的候选关系不入表。,stage4::R4-018,2026-07-08,2026-07-08,2026-07-05,,,,unknown,检索快照,,2026-07-05,当前支持,事实判断,E4-083,A:3,公开资料检索,2026-10-08,
R4-019,KLA,上游/制造支撑/半导体设备/量测检测设备,TSMC,中游/制造/晶圆制造/Foundry-IDM/晶圆代工/Foundry,设备供应,KLA -> TSMC,KLA 的过程控制/量测检测设备进入 TSMC 等先进晶圆制造生态。,E4-086;E4-087;E4-088;E4-089,https://pr.tsmc.com/english/news/3192 | https://pr.tsmc.com/system/files/newspdf/attachment/083b1ab2191856b8e0f31b46a40dcadafc595e8e/2025%20Supply%20Chain%20Management%20Forum%20Press%20Release%20%28E%29_final_wmn.pdf | https://pr.tsmc.com/system/files/newspdf/attachment/d35a3490c76e4dd278e9975c4785daa0e415edc4/2022%20Excellent%20Performance%20Award%20Press%20Release%20%28E%29_final_wmn.pdf | https://pr.tsmc.com/english/news/1697,high,仅保留搜索结果中直接点名双方公司的供应链硬关系；未命中公开直接证据的候选关系不入表。,stage4::R4-019,2026-07-08,2026-07-08,2026-07-05,,,,unknown,检索快照,,2026-07-05,当前支持,事实判断,E4-086,A:4,公开资料检索,2026-10-08,
R4-020,Tokyo Electron,上游/制造支撑/半导体设备/薄膜沉积设备,TSMC,中游/制造/晶圆制造/Foundry-IDM/晶圆代工/Foundry,设备供应,Tokyo Electron -> TSMC,Tokyo Electron 的涂胶显影、沉积或热处理设备进入 TSMC 等晶圆制造生态。,E4-090;E4-091;E4-092;E4-093;E4-094,https://asia.nikkei.com/business/tech/semiconductors/tokyo-electron-s-close-ties-with-tsmc-at-risk-after-chip-tech-leak | https://fortune.com/asia/2025/08/08/tsmc-secrets-leak-japan-tokyo-electron | https://www.manufacturing.net/supply-chain/news/22965495/former-worker-at-tsmc-supplier-sentenced-to-10-years-in-trade-secrets-case | https://www3.nhk.or.jp/nhkworld/en/news/20260427_23 | https://www.digitimes.com/news/a20250807PD231/tel-taiwan-tsmc-equipment-subsidiary.html,medium,仅保留搜索结果中直接点名双方公司的供应链硬关系；未命中公开直接证据的候选关系不入表。 证据强度审计显示该判断主要依赖搜索结果或 B/B- 来源；已降为 medium，待补官网、公告、年报、招股书或权威市场份额报告后再恢复 high。,stage4::R4-020,2026-07-08,2026-07-08,2026-07-05,,,,unknown,检索快照,,2026-07-05,当前支持,事实判断,E4-090,A-:2;B-:3,公开资料检索,2026-10-08,
R4-021,Shin-Etsu,上游/制造支撑/半导体材料/硅片,TSMC,中游/制造/晶圆制造/Foundry-IDM/晶圆代工/Foundry,材料供应,Shin-Etsu -> TSMC,Shin-Etsu 向 TSMC 等晶圆制造厂供应半导体硅片/材料。,E4-095;E4-096;E4-097,https://www.opportimes.com/en/tsmcs-6-semiconductor-wafer-vendors | https://www.shinetsu.co.jp/en/news/news-release/shin-etsu-presented-with-2023-tsmc-excellent-performance-award,medium,仅保留搜索结果中直接点名双方公司的供应链硬关系；未命中公开直接证据的候选关系不入表。 证据强度审计显示该判断主要依赖搜索结果或 B/B- 来源；已降为 medium，待补官网、公告、年报、招股书或权威市场份额报告后再恢复 high。,stage4::R4-021,2026-07-08,2026-07-08,2026-07-05,,,,unknown,检索快照,,2026-07-05,当前支持,事实判断,E4-095,A:2;B-:1,公开资料检索,2026-10-08,
R4-022,SUMCO,上游/制造支撑/半导体材料/硅片,TSMC,中游/制造/晶圆制造/Foundry-IDM/晶圆代工/Foundry,材料供应,SUMCO -> TSMC,SUMCO 向 TSMC 等晶圆制造厂供应半导体硅片。,E4-098;E4-099;E4-100,https://www.opportimes.com/en/tsmcs-6-semiconductor-wafer-vendors | https://www.sumcosi.com/english/corporate/evaluation.html,medium,仅保留搜索结果中直接点名双方公司的供应链硬关系；未命中公开直接证据的候选关系不入表。 证据强度审计显示该判断主要依赖搜索结果或 B/B- 来源；已降为 medium，待补官网、公告、年报、招股书或权威市场份额报告后再恢复 high。,stage4::R4-022,2026-07-08,2026-07-08,2026-07-05,,,,unknown,检索快照,,2026-07-05,当前支持,事实判断,E4-098,A:2;B-:1,公开资料检索,2026-10-08,
R4-023,TSMC,中游/封装测试/先进封装/2.5D/3D/Chiplet先进封装,NVIDIA,中游/设计与产品/芯片设计/Fabless/AI/GPU/CPU算力芯片,先进封装,TSMC -> NVIDIA,TSMC CoWoS/先进封装产能服务于 NVIDIA AI GPU。,E4-101;E4-102;E4-103;E4-104;E4-105,https://www.astutegroup.com/news/industrial/advanced-packaging-demand-soars-nvidia-secures-60-of-cowos-capacity | https://www.reuters.com/technology/nvidia-ceo-says-its-advanced-packaging-technology-needs-are-changing-2025-01-16 | https://institutionofelectronics.ac.uk/nvidia-tsmc-and-advanced-packaging-realignment-in-2025 | https://www.viksnewsletter.com/p/the-technical-reality-of-replacing-cowos-with-cowop | https://hardforum.com/threads/ai-gpu-production-to-be-constrained-till-end-of-2024-due-to-tsmc-packaging-capacity-crunch.2030397,medium,仅保留搜索结果中直接点名双方公司的供应链硬关系；未命中公开直接证据的候选关系不入表。 证据强度审计显示该判断主要依赖搜索结果或 B/B- 来源；已降为 medium，待补官网、公告、年报、招股书或权威市场份额报告后再恢复 high。,stage4::R4-023,2026-07-08,2026-07-08,2026-07-05,,,,unknown,检索快照,,2026-07-05,当前支持,事实判断,E4-101,A-:1;B-:4,公开资料检索,2026-10-08,
R4-024,TSMC,中游/封装测试/先进封装/2.5D/3D/Chiplet先进封装,AMD,中游/设计与产品/芯片设计/Fabless/AI/GPU/CPU算力芯片,先进封装,TSMC -> AMD,TSMC 先进封装/CoWoS 产能服务于 AMD 高性能芯片。,E4-106;E4-107;E4-108;E4-109;E4-110,https://thechinaproject.com/2023/09/15/advanced-packaging-is-the-frontier-of-semiconductor-technology-and-tsmc-is-in-the-lead | https://semiwiki.com/forum/threads/tsmc%E2%80%99s-advanced-packaging-capacity-is-fully-booked-for-next-two-years-by-nvidia-and-amd.20157 | https://newsletter.semianalysis.com/p/advanced-packaging-part-2-review | https://www.thegpu.directory/provider/tsmc-advanced-packaging | https://ir.amd.com/news-events/press-releases/detail/1287/amd-announces-production-ramp-of-next-generation-amd-epyc-processor-venice-on-tsmc-2nm-process-technology,high,仅保留搜索结果中直接点名双方公司的供应链硬关系；未命中公开直接证据的候选关系不入表。,stage4::R4-024,2026-07-08,2026-07-08,2026-07-05,,,,unknown,检索快照,,2026-07-05,当前支持,事实判断,E4-106,A:1;B-:4,公开资料检索,2026-10-08,
R4-025,TSMC,中游/封装测试/先进封装/2.5D/3D/Chiplet先进封装,Broadcom,中游/设计与产品/芯片设计/Fabless/AI/GPU/CPU算力芯片,先进封装,TSMC -> Broadcom,TSMC 先进封装/CoWoS 产能服务于 Broadcom 定制 AI ASIC 等产品。,E4-111;E4-112;E4-113;E4-114;E4-115,https://www.techpowerup.com/314095/tsmc-ramps-up-cowos-advanced-packaging-production-to-meet-soaring-ai-chip-demand | https://futurumgroup.com/insights/applied-materials-epic-advanced-packaging-ecosystem-adds-broadcom-to-tsmc | https://finance.yahoo.com/news/broadcom-and-tsmc-to-emerge-as-big-winners-in-the-custom-ai-chip-boom-130336239.html | https://pr.tsmc.com/system/files/newspdf/THWQPGPGTH/NEWS_FILE_EN.pdf | https://pr.tsmc.com/english/news/2026,medium,仅保留搜索结果中直接点名双方公司的供应链硬关系；未命中公开直接证据的候选关系不入表。 证据强度审计显示该判断主要依赖搜索结果或 B/B- 来源；已降为 medium，待补官网、公告、年报、招股书或权威市场份额报告后再恢复 high。,stage4::R4-025,2026-07-08,2026-07-08,2026-07-05,,,,unknown,检索快照,,2026-07-05,当前支持,事实判断,E4-111,A:2;B:1;B-:2,公开资料检索,2026-10-08,
R4-026,通富微电,中游/封装测试/先进封装/2.5D/3D/Chiplet先进封装,AMD,中游/设计与产品/芯片设计/Fabless/AI/GPU/CPU算力芯片,封装测试产能承接,通富微电 -> AMD,通富微电与 AMD 在封装测试和合资公司层面存在公开披露关系，通富微电承接 AMD 相关封装测试产能线索。,E4-116;E4-117;E4-118;E4-119;E4-120;E4-121;E4-122;E4-123,http://finance.eastmoney.com/a/202312142933058619.html | https://www.icspec.com/news/article-details/2261311 | https://www.528btc.com/e/action/ShowInfo.php?classid=115&id=881870 | https://www.nbd.com.cn/articles/2023-12-14/3163888.html | https://www.163.com/dy/article/ILTJ7G2J0512B07B.html | https://www.digitimes.com/news/a20230612PD208/amd-china-tongfu.html,medium,仅保留搜索结果中直接点名双方公司的供应链硬关系；未命中公开直接证据的候选关系不入表。 证据强度审计显示该判断主要依赖搜索结果或 B/B- 来源；已降为 medium，待补官网、公告、年报、招股书或权威市场份额报告后再恢复 high。,stage4::R4-026,2026-07-08,2026-07-08,2026-07-05,,,,unknown,检索快照,2023-12-14;2025-04-07,2026-07-05,当前支持,事实判断,E4-116,A:2;A-:1;B:1;B-:4,公开资料检索,2026-10-08,
R4-027,长电科技,中游/封装测试/传统封装测试/OSAT/传统OSAT封装测试,Qualcomm,中游/设计与产品/芯片设计/Fabless/手机SoC/通信基带,封装测试供应链线索,长电科技 -> Qualcomm,长电科技与 Qualcomm 在封装测试供应链方面存在客户或供应链关系线索。,E4-124;E4-125,https://www.digitimes.com/news/a20251030PD212/osat-jcet-packaging-qualcomm-supply-chain.html | https://www.semiconductorpackagingnews.com/press/78347.html,high,仅保留搜索结果中直接点名双方公司的供应链硬关系；未命中公开直接证据的候选关系不入表。,stage4::R4-027,2026-07-08,2026-07-08,2026-07-05,,,,unknown,检索快照,,2026-07-05,当前支持,事实判断,E4-124,A-:1;B-:1,公开资料检索,2026-10-08,
R4-028,ASE,中游/封装测试/传统封装测试/OSAT/传统OSAT封装测试,Qualcomm,中游/设计与产品/芯片设计/Fabless/手机SoC/通信基带,封装测试,ASE -> Qualcomm,ASE 向 Qualcomm 等移动芯片客户提供封装测试服务。,E4-126;E4-127;E4-128,https://apps.digitimes.com/news/a20170323PB202.html | https://www.qualcomm.com/content/dam/qcomm-martech/dm-assets/documents/ASE-Case-Study-Oct-2025.pdf | https://www.dowiattdental.com/first-dry/ASE-Technology-Positioned-as-Key-Player-in-Semiconductor-Packaging-Amid-AI-Chip-Demand-29-10105,medium,仅保留搜索结果中直接点名双方公司的供应链硬关系；未命中公开直接证据的候选关系不入表。 证据强度审计显示该判断主要依赖搜索结果或 B/B- 来源；已降为 medium，待补官网、公告、年报、招股书或权威市场份额报告后再恢复 high。,stage4::R4-028,2026-07-08,2026-07-08,2026-07-05,,,,unknown,检索快照,,2026-07-05,当前支持,事实判断,E4-126,A:1;A-:1;B-:1,公开资料检索,2026-10-08,
R4-029,Amkor,中游/封装测试/先进封装/2.5D/3D/Chiplet先进封装,Apple,中游/设计与产品/芯片设计/Fabless/手机SoC/通信基带,封装测试,Amkor -> Apple,Amkor 向 Apple 等客户提供先进封装/封测能力。,E4-129;E4-130;E4-131;E4-132;E4-133;E4-134;E4-135,https://www.apple.com/newsroom/2023/11/apple-announces-expanded-partnership-with-amkor-for-silicon-packaging | https://packagingeurope.com/news/apple-and-amkor-to-build-advanced-packaging-facility-in-arizona/10812.article | https://aei.dempa.net/archives/34000 | https://www.azcommerce.com/news-events/news/2025/10/amkor-technology-breaks-ground-on-new-semiconductor-advanced-packaging-and-test-campus-in-peoria-expands-investment-to-7-billion | https://www.apple.com/newsroom/2025/08/apple-increases-us-commitment-to-600-billion-usd-announces-ambitious-program | https://ir.amkor.com/static-files/59a11cc8-a217-42dd-9f52-5351ff173c74,high,仅保留搜索结果中直接点名双方公司的供应链硬关系；未命中公开直接证据的候选关系不入表。,stage4::R4-029,2026-07-08,2026-07-08,2026-07-05,,,,unknown,检索快照,,2026-07-05,当前支持,事实判断,E4-129,A:4;B-:3,公开资料检索,2026-10-08,
R4-030,SK hynix,中游/产品与制造/存储/HBM/DRAM/HBM,NVIDIA,中游/设计与产品/芯片设计/Fabless/AI/GPU/CPU算力芯片,HBM供应,SK hynix -> NVIDIA,SK hynix 向 NVIDIA AI GPU 生态供应 HBM 存储。,E4-136;E4-137;E4-138;E4-139;E4-140;E4-141;E4-S001,https://www.reuters.com/world/asia-pacific/sk-hynix-says-ships-samples-12-layer-next-gen-hbm4e-chips-major-customers-2026-06-17 | https://finance.yahoo.com/news/nvidia-supplier-sk-hynix-says-001817249.html | https://www.semicone.com/article-385.html | https://www.cnbc.com/2025/10/29/sk-hynix-q3-profit-revenue-record-.html | https://www.jonpeddie.com/news/sk-hynix-bets-hbm-wins-nvidia-jackpot | https://www.tomshardware.com/pc-components/dram/nvidia-and-sk-hynix-ink-multi-year-memory-co-development-and-supply-agreement-seeks-to-address-extended-development-cycles | https://nvidianews.nvidia.com/news/sk-hynix-ai-factory,high,仅保留搜索结果中直接点名双方公司的供应链硬关系；未命中公开直接证据的候选关系不入表。,stage4::R4-030,2026-07-08,2026-07-08,2026-07-06,2026-06-07,2026-06-07,,day,官方公告日期,2026-06-07,2026-07-05;2026-07-08,当前支持,事实判断,E4-136,A:1;A-:2;B-:4,公开资料检索,2026-10-08,
R4-031,Micron,中游/产品与制造/存储/HBM/DRAM/HBM,NVIDIA,中游/设计与产品/芯片设计/Fabless/AI/GPU/CPU算力芯片,HBM供应,Micron -> NVIDIA,Micron 向 NVIDIA AI GPU 生态供应或导入 HBM 存储。,E4-142;E4-143;E4-144;E4-175,https://www.techpowerup.com/320359/nvidias-selection-of-micron-hbm3e-supposedly-surprises-competing-memory-makers | https://finance.yahoo.com/news/samsung-secures-nvidia-hbm3e-qualification-131337273.html | https://www.kedglobal.com/korean-chipmakers/newsView/ked202506100008 | https://investors.micron.com/news-releases/news-release-details/micron-commences-volume-production-industry-leading-hbm3e,high,官方公告证明 Micron HBM3E 进入 NVIDIA H200 产品链路；不外推采购金额、排他供应或未披露客户事实。,stage4::R4-031,2026-07-08,2026-07-08,2026-07-06,2024-02-26,2024-02-26,,day,官方公告日期,2024-02-26,2026-07-05;2026-07-06,当前支持,事实判断,E4-142,A:1;B-:3,公开资料检索,2026-10-08,
R4-037,ROHM,中游/特色器件/功率半导体/SiC-GaN/SiC功率器件/模块,Denso,下游/系统需求/终端应用/系统需求/新能源汽车/汽车电子,功率器件供应与战略伙伴,ROHM -> Denso,ROHM 与 Denso 在汽车半导体、SiC/功率器件供货和联合开发方面存在公开战略伙伴关系。,E4-145;E4-146;E4-147;E4-148;E4-149;E4-150,https://www.semiconductor-today.com/news_items/2024/oct/denso-rohm-011024.shtml | https://www.rohm.com/news-detail?news-title=2024-09-30_news&defaultGroupId=false | https://aei.dempa.net/archives/33096 | https://www.reuters.com/world/asia-pacific/toyota-supplier-denso-posts-sharp-jump-fourth-quarter-profit-2026-04-28 | https://www.denso.com/global/en/news/newsroom/2025/20250508-g01,high,仅保留搜索结果中直接点名双方公司的供应链硬关系；未命中公开直接证据的候选关系不入表。,stage4::R4-037,2026-07-08,2026-07-08,2026-07-05,,,,unknown,检索快照,,2026-07-05,当前支持,事实判断,E4-145,A-:1;B-:5,公开资料检索,2026-10-08,
R4-038,Wolfspeed,中游/特色器件/功率半导体/SiC-GaN/SiC衬底/外延,Infineon,中游/特色器件/功率半导体/SiC-GaN/SiC功率器件/模块,SiC材料供应,Wolfspeed -> Infineon,Wolfspeed 向 Infineon 等功率半导体厂商供应 SiC 衬底/材料。,E4-151;E4-152;E4-153;E4-154;E4-155;E4-156;E4-157,https://www.wolfspeed.com/company/news-events/news/infineon-and-wolfspeed-expand-and-extend-multi-year-silicon-carbide-sic-150mm-wafer-supply-agreement | https://silicon-saxony.de/en/infineon-expansion-and-extension-of-the-multi-year-supply-agreement-for-150-mm-silicon-carbide-sic-wafers | https://www.wolfspeed.com/company/news-events/news/cree-inc-announces-long-term-silicon-carbide-wafer-supply-agreement-with-infineon | https://www.powersystemsdesign.com/articles/150mm-and-200mm-sic-wafer-supply-secured/154/21162 | https://finance.yahoo.com/news/wolfspeed-wolf-expands-wafer-supply-154600355.html | https://www.semiconductor-today.com/news_items/2024/jan/infineon-wolfspeed-230124.shtml,medium,仅保留搜索结果中直接点名双方公司的供应链硬关系；未命中公开直接证据的候选关系不入表。 证据强度审计显示该判断主要依赖搜索结果或 B/B- 来源；已降为 medium，待补官网、公告、年报、招股书或权威市场份额报告后再恢复 high。,stage4::R4-038,2026-07-08,2026-07-08,2026-07-05,,,,unknown,检索快照,,2026-07-05,当前支持,事实判断,E4-151,A:3;B-:4,公开资料检索,2026-10-08,
R4-039,Coherent,中游/特色器件/功率半导体/SiC-GaN/SiC衬底/外延,Infineon,中游/特色器件/功率半导体/SiC-GaN/SiC功率器件/模块,SiC材料供应,Coherent -> Infineon,Coherent 向 Infineon 等功率半导体厂商供应 SiC 衬底/材料。,E4-158,https://www.coherent.com/news/press-releases/ii-vi-incorporated-signs-multi-year-contract-to-supply-infineon-with-silicon-carbide-substrates-for-power-electronics,high,仅保留搜索结果中直接点名双方公司的供应链硬关系；未命中公开直接证据的候选关系不入表。,stage4::R4-039,2026-07-08,2026-07-08,2026-07-05,,,,unknown,检索快照,,2026-07-05,当前支持,事实判断,E4-158,A:1,公开资料检索,2026-10-08,
R4-042,Ibiden,上游/制造支撑/半导体材料/封装材料/IC载板,Intel,中游/封装测试/先进封装/2.5D/3D/Chiplet先进封装,封装载板供应,Ibiden -> Intel,Ibiden 向 Intel 等高端封装/处理器客户供应 IC 载板。,E4-159;E4-160;E4-161;E4-162;E4-163,https://finance.yahoo.com/news/nvidia-supplier-ibiden-weighs-faster-230000636.html | https://www.ibiden.com/product/items/160311.pdf | https://en.eeworld.com.cn/mp/Icbank/a391328.jspx | https://tribune.com.pk/story/2519040/nvidia-supplier-ibiden-considers-faster-expansion-to-meet-ai-demand | https://www.ibiden.com/product/items/150305.pdf,medium,仅保留搜索结果中直接点名双方公司的供应链硬关系；未命中公开直接证据的候选关系不入表。 证据强度审计显示该判断主要依赖搜索结果或 B/B- 来源；已降为 medium，待补官网、公告、年报、招股书或权威市场份额报告后再恢复 high。,stage4::R4-042,2026-07-08,2026-07-08,2026-07-05,,,,unknown,检索快照,,2026-07-05,当前支持,事实判断,E4-159,A:2;B:1;B-:2,公开资料检索,2026-10-08,
R4-043,Shinko Electric,上游/制造支撑/半导体材料/封装材料/IC载板,Intel,中游/封装测试/先进封装/2.5D/3D/Chiplet先进封装,封装载板供应,Shinko Electric -> Intel,Shinko Electric 向 Intel 等高端封装/处理器客户供应 IC 载板。,E4-164;E4-165;E4-166;E4-167,https://www.ad-hoc-news.de/boerse/news/ueberblick/shinko-electric-industries-stock-intel-s-india-glass-substrate-push-lifts/69511039 | https://www.shinko.co.jp/english/news/docs/20160311.pdf | https://www.shinko.co.jp/english/news/docs/20250411_01_eng.pdf | https://www.digitimes.com/news/a20240422PD217/shinko-electric-revenue-passive-pcb-other-ic-components-demand.html,medium,仅保留搜索结果中直接点名双方公司的供应链硬关系；未命中公开直接证据的候选关系不入表。 证据强度审计显示该判断主要依赖搜索结果或 B/B- 来源；已降为 medium，待补官网、公告、年报、招股书或权威市场份额报告后再恢复 high。,stage4::R4-043,2026-07-08,2026-07-08,2026-07-05,,,,unknown,检索快照,,2026-07-05,当前支持,事实判断,E4-164,A:2;A-:1;B-:1,公开资料检索,2026-10-08,
R4-044,Unimicron,上游/制造支撑/半导体材料/封装材料/IC载板,NVIDIA,中游/设计与产品/芯片设计/Fabless/AI/GPU/CPU算力芯片,封装载板供应,Unimicron -> NVIDIA,Unimicron 向 NVIDIA AI 芯片生态供应高端 IC 载板线索。,E4-168;E4-169,https://www.creating-nanotech.com/en-US/newsc72-nvidia-is-the-only-taiwanese-manufacturer-to-name-pcb-unimicron-there-are-opportunities-for-carrier-boards-thick-boards | https://www.globalsmt.net/advanced-packaging/nvidias-cowop-pcb-architecture-targets-abf-substrates-but-faces-warpage-risk,low,证据主要来自行业报道和供应链线索，尚缺 NVIDIA 或 Unimicron 官方直接披露；当前仅保留为低置信供应链线索。,stage4::R4-044,2026-07-08,2026-07-08,2026-07-05,,,,unknown,检索快照,,2026-07-05,当前支持,事实判断,E4-168,B-:2,公开资料检索,2026-10-08,
R4-045,Ibiden,上游/制造支撑/半导体材料/封装材料/IC载板,NVIDIA,中游/设计与产品/芯片设计/Fabless/AI/GPU/CPU算力芯片,封装载板供应,Ibiden -> NVIDIA,Ibiden 向 NVIDIA AI 芯片生态供应高端 IC 载板线索。,E4-170;E4-171;E4-172;E4-173,https://techresearchonline.com/news/nvidia-supplier-ibiden-plans-faster-expansion | https://en.eeworld.com.cn/mp/Icbank/a408313.jspx | https://finance.yahoo.com/news/nvidia-supplier-ibiden-weighs-faster-230000636.html | https://asia.nikkei.com/business/technology/artificial-intelligence/nvidia-supplier-ibiden-to-expand-ic-substrate-output-amid-ai-boom,medium,仅保留搜索结果中直接点名双方公司的供应链硬关系；未命中公开直接证据的候选关系不入表。 证据强度审计显示该判断主要依赖搜索结果或 B/B- 来源；已降为 medium，待补官网、公告、年报、招股书或权威市场份额报告后再恢复 high。,stage4::R4-045,2026-07-08,2026-07-08,2026-07-05,,,,unknown,检索快照,,2026-07-05,当前支持,事实判断,E4-170,A-:1;B-:3,公开资料检索,2026-10-08,
R4-M001,通富微电,中游/封装测试/传统封装测试/OSAT/传统OSAT封装测试,AMD,中游/设计与产品/芯片设计/Fabless/AI/GPU/CPU算力芯片,封测合资与产能承接,通富微电 -> AMD,通富微电与 AMD 围绕封装测试业务设立合资公司，通富微电承接 AMD 相关封装测试产能线索。,E4-M001;E4-M002,https://ir.amd.com/news-events/press-releases/detail/684/amd-and-nantong-fujitsu-microelectronics-co-ltd-close-on-semiconductor-assembly-and-test-joint-venture | https://www.tfme.com/,high,人工核验公开资料；只表示公开披露的合资、产能承接或供应链关系，不外推交易金额、排他关系或内部客户关系。,stage4::R4-M001,2026-07-08,2026-07-08,2026-07-08,2016-04-29,2016-04-29,,day,官方公告日期,2016-04-29,2026-07-08,当前支持,事实判断,E4-M001,A:1;B-:1,公开资料检索,2026-10-08,
R4-M002,中芯国际,中游/制造/晶圆制造/Foundry-IDM/晶圆代工/Foundry,长电科技,中游/封装测试/先进封装/2.5D/3D/Chiplet先进封装,先进封装合资建设,中芯国际 -> 长电科技,中芯国际与长电科技围绕 12 英寸凸块加工及配套测试设立合资项目，连接晶圆制造与先进封装测试环节。,E4-M003;E4-M004,https://www.prnewswire.com/news-releases/smic-and-jcet-establish-a-joint-venture-to-build-chinas-local-ic-manufacturing-supply-chain-246287431.html | https://www.prnewswire.com/news-releases/smic-and-jcet-establish-a-joint-venture-in-jiangyin-national-high-tech-industrial-development-zone-270442111.html,high,人工核验公开资料；只表示公开披露的合资建设和供应链协同关系，不外推交易金额、排他关系或内部客户关系。,stage4::R4-M002,2026-07-08,2026-07-08,2026-07-08,2014-02-20,2014-02-20,,day,公开新闻稿日期,2014-02-20;2014-08-08,2026-07-08,当前支持,事实判断,E4-M003,A-:2,公开资料检索,2026-10-08,
R4-M003,Qualcomm,中游/设计与产品/芯片设计/Fabless/手机SoC/通信基带,中芯国际,中游/制造/晶圆制造/Foundry-IDM/晶圆代工/Foundry,先进工艺联合研发合资,Qualcomm -> 中芯国际,Qualcomm 与中芯国际曾公开参与先进 CMOS 工艺研发合资公司，体现芯片设计企业与晶圆制造环节的联合研发关系。,E4-M005,https://www.qualcomm.com/news/onq/2015/06/qualcomms-affiliate-qgt-smic-huawei-and-imec-create-equity-joint-venture-company,high,人工核验公开资料；只表示公开披露的联合研发合资关系，不外推交易金额、排他关系或内部客户关系。,stage4::R4-M003,2026-07-08,2026-07-08,2026-07-08,2015-06-23,2015-06-23,,day,官方公告日期,2015-06-23,2026-07-08,当前支持,事实判断,E4-M005,A:1,公开资料检索,2026-10-08,
R4-M004,华为,下游/系统需求/终端应用/系统需求/消费电子/通信设备,中芯国际,中游/制造/晶圆制造/Foundry-IDM/晶圆代工/Foundry,先进工艺联合研发投资,华为 -> 中芯国际,华为与中芯国际曾公开参与先进 CMOS 工艺研发公司联合投资，属于国产芯片设计/系统厂商与晶圆制造能力协同线索。,E4-M006,https://www.prnewswire.com/news-releases/smic-huawei-imec-and-qualcomm-in-joint-investment-on-smics-new-research-and-development-company-300103277.html,high,人工核验公开资料；只表示公开披露的联合研发投资关系，不外推交易金额、排他关系或内部客户关系。,stage4::R4-M004,2026-07-08,2026-07-08,2026-07-08,2015-06-23,2015-06-23,,day,公开新闻稿日期,2015-06-23,2026-07-08,当前支持,事实判断,E4-M006,A-:1,公开资料检索,2026-10-08,
R4-M005,NVIDIA,中游/设计与产品/芯片设计/Fabless/AI/GPU/CPU算力芯片,浪潮信息,下游/系统需求/终端应用/系统需求/AI服务器/云基础设施,HGX系统伙伴发布,NVIDIA -> 浪潮信息,NVIDIA 官方 HGX A100 系统伙伴发布中列出浪潮信息相关系统方案，体现 GPU 算力芯片平台与 AI 服务器整机环节的生态适配关系。,E4-M007,https://nvidianews.nvidia.com/news/nvidia-and-global-partners-launch-new-hgx-a100-systems-to-accelerate-industrial-ai-and-hpc,high,人工核验公开资料；只表示公开披露的系统伙伴发布或生态适配关系，不外推交易金额、排他关系或内部客户关系。,stage4::R4-M005,2026-07-08,2026-07-08,2026-07-08,2021-06-28,2021-06-28,,day,官方公告日期,2021-06-28,2026-07-08,当前支持,事实判断,E4-M007,A:1,公开资料检索,2026-10-08,
R4-M006,NVIDIA,中游/设计与产品/芯片设计/Fabless/AI/GPU/CPU算力芯片,联想,下游/系统需求/终端应用/系统需求/AI服务器/云基础设施,HGX系统伙伴发布,NVIDIA -> 联想,NVIDIA 官方 HGX A100 系统伙伴发布中列出联想相关系统方案，体现 GPU 算力芯片平台与 AI 服务器整机环节的生态适配关系。,E4-M008,https://nvidianews.nvidia.com/news/nvidia-and-global-partners-launch-new-hgx-a100-systems-to-accelerate-industrial-ai-and-hpc,high,人工核验公开资料；只表示公开披露的系统伙伴发布或生态适配关系，不外推交易金额、排他关系或内部客户关系。,stage4::R4-M006,2026-07-08,2026-07-08,2026-07-08,2021-06-28,2021-06-28,,day,官方公告日期,2021-06-28,2026-07-08,当前支持,事实判断,E4-M008,A:1,公开资料检索,2026-10-08,
R4-M007,NVIDIA,中游/设计与产品/芯片设计/Fabless/AI/GPU/CPU算力芯片,Supermicro,下游/系统需求/终端应用/系统需求/AI服务器/云基础设施,HGX系统伙伴发布,NVIDIA -> Supermicro,NVIDIA 官方 HGX A100 系统伙伴发布中列出 Supermicro AI 服务器产品，体现 GPU 平台与服务器整机厂商的生态适配关系。,E4-M009,https://nvidianews.nvidia.com/news/nvidia-and-global-partners-launch-new-hgx-a100-systems-to-accelerate-industrial-ai-and-hpc,high,人工核验公开资料；只表示公开披露的系统伙伴发布或生态适配关系，不外推交易金额、排他关系或内部客户关系。,stage4::R4-M007,2026-07-08,2026-07-08,2026-07-08,2021-06-28,2021-06-28,,day,官方公告日期,2021-06-28,2026-07-08,当前支持,事实判断,E4-M009,A:1,公开资料检索,2026-10-08,
